https://ih1.redbubble.net/image.518831286.4291/pp,840x830-pad,750x1000,f8f8f8.jpg
https://previews.agefotostock.com/previewimage/medibigoff/367426d5fe7814b270f569d2ca189e73/iam-0510001355.jpg
https://www.theartstory.org/images20/works/early_renaissance_5.jpg?1
https://upload.wikimedia.org/wikipedia/commons/thumb/3/3a/Giotto_-_Scrovegni_-_-36-_-_Lamentation_%28The_Mourning_of_Christ%29_adj.jpg/330px-Giotto_-_Scrovegni_-_-36-_-_Lamentation_%28The_Mourning_of_Christ%29_adj.jpg
https://www.theartstory.org/images20/works/early_renaissance_6.jpg?1
https://upload.wikimedia.org/wikipedia/commons/thumb/4/46/Andrea_Mantegna_-_The_Court_of_Mantua_-_detail.JPG/330px-Andrea_Mantegna_-_The_Court_of_Mantua_-_detail.JPG
https://media.nga.gov/iiif/public/objects/4/1/6/2/0/41620-primary-0-nativeres.ptif/full/!740,560/0/default.jpg
https://www.theartstory.org/images20/photo/photo_early_renaissance_13.jpg
http://www.artyfactory.com/art_appreciation/art_movements/italian-renaissance/italian-renaissance/masaccio-tribute-money.jpg
http://www.finearttouch.com/images/Benozzo%20Gozoli%20Feast%20of%20Herod.JPG
https://aleteiaen.files.wordpress.com/2019/03/web3-madonna-of-the-pomegranate-painting-pd.jpg?quality=100&strip=all&w=620&h=310&crop=1
https://upload.wikimedia.org/wikipedia/commons/thumb/6/61/El_nacimiento_de_Venus%2C_por_Sandro_Botticelli.jpg/440px-El_nacimiento_de_Venus%2C_por_Sandro_Botticelli.jpg
https://img.theculturetrip.com/wp-content/uploads/2016/07/1024px-botticelli-primavera.jpg
http://snagfilms-a.akamaihd.net/1f/d7/43ea6f8343e9801d674c4ef7f12f/7100-lec13-1536x865.jpg
https://smarthistory.org/wp-content/uploads/2018/07/Dante_et_la_Divine_Come%CC%81die-sm.jpg
https://www.theartstory.org/images20/works/early_renaissance_2.jpg?1
http://www.artyfactory.com/art_appreciation/art-history-slideshows/western_art_slideshows/p7ssm_img_2/fullsize/mantegna_2.jpg
https://media.nga.gov/iiif/public/objects/4/0/40-primary-0-nativeres.ptif/full/!740,560/0/default.jpg
http://www.sketchypaint.com/images/medium/04cc89f26584986f6024b834607ed159-800x500.jpg
https://cdn.kastatic.org/ka-perseus-images/698e42b25ffa22cbeb99d485794e28670ad7740e.jpg
http://www.harmonyangels.com/images/Martini-Annunciation.jpg
https://i.pinimg.com/originals/10/5e/31/105e31b45edf606761636e7b63021f20.jpg
https://img-aws.ehowcdn.com/877x500p/photos.demandstudios.com/getty/article/106/158/470490545.jpg
http://www.ruf.rice.edu/~fellows/hart206/images/masaccio_tribute.jpg
https://classconnection.s3.amazonaws.com/740/flashcards/2802740/jpg/pv21361215396722-thumb400.jpg
https://ago.ca/sites/default/files/styles/image_large/public/2016-07/The-Peruzzi-Altarpiece-Giotto-594.png?itok=JX-vzSg5
https://images-na.ssl-images-amazon.com/images/I/51rjK1DE%2BsL._SX258_BO1,204,203,200_.jpg
https://www.theartstory.org/images20/works/early_renaissance_10.jpg?1
http://www.visual-arts-cork.com/images/dome2.jpeg
https://www.writework.com/uploads/9/93725/birth-venus-sandro-botticelli.jpg
https://smarthistory.org/wp-content/uploads/2019/05/GentileWholeBetter-570x350.jpg
https://i.pinimg.com/originals/21/88/d0/2188d0a4c3a46898dbfade5eb1e0c7c2.jpg
https://morettigallery.com/custom_images/800x800c/usr/images/exhibitions/group_images_override/18/ansano-di-andrea-di-bartolo-madonna-and-child.jpg
http://www.visual-arts-cork.com/images-paintings/brancacci-chapel.jpg
https://upload.wikimedia.org/wikipedia/commons/thumb/5/5a/Piero_della_Francesca_-_Baptism_of_Christ_-_WGA17595.jpg/1200px-Piero_della_Francesca_-_Baptism_of_Christ_-_WGA17595.jpg
https://www.toperfect.com/pic/Oil%20Painting%20Masterpieces%20on%20Canvas/Uccello%20Paolo_1397-1475/8-Adoration-Of-The-Magi-early-Renaissance-Paolo-Uccello.jpg
https://historylists.org/images/procession-of-the-magi-by-benozzo-gozzoli.jpg
https://cdn.britannica.com/s:500x350/46/3946-004-61C35604.jpg
https://media.buzzle.com/media/images-en/gallery/editorials/1200-500604446-brancacci-chapel-italy.jpg
https://i.udemycdn.com/course/750x422/1937596_99ec.jpg
https://blog.dorotheum.com/wp-content/uploads/2017/03/Apollonio-di-Giovanni-The-Battle-of-Pharsalus.png
https://torontoist.com/wp-content/uploads/2013/03/20130312-AGO-Revealing-the-Early-Renaissance-in-Florentine-Art-051-Photo_by_Corbin_Smith.jpg
https://historylists.org/images/gates-of-paradise-by-lorenzo-ghiberti.jpg
http://www.artyfactory.com/art_appreciation/art_movements/italian-renaissance/italian-renaissance/uccello-battle-san-romano.jpg
https://c8.alamy.com/comp/F2TX58/sandro-botticelli-1445-1510-italian-painter-early-renaissance-the-F2TX58.jpg
https://yalebooks.yale.edu/sites/default/files/styles/book_jacket/public/imagecache/external/7055567a0b18864d04fbfca1d49c1dca.jpg?itok=uRQ6eKlX
https://torontoist.com/wp-content/uploads/2013/03/20130312-AGO-Revealing-the-Early-Renaissance-in-Florentine-Art-076-Photo_by_Corbin_Smith.jpg
https://www.oilpaintingfactory.com/pic/Oil%20Painting%20Masterpieces%20on%20Canvas/Uccello%20Paolo_1397-1475/5-St-George-And-The-Dragon-1458-early-Renaissance-Paolo-Uccello.jpg
https://cdn-attachments.timesofmalta.com/local_25_temp-1308895162-4e0427ba-620x348.jpg
https://theframeblog.files.wordpress.com/2015/11/fig-1-spinello-aretino-sm1.jpg
https://s3-us-west-2.amazonaws.com/courses-images/wp-content/uploads/sites/1936/2017/05/31175507/ael-marriage-of-the-virgin.jpeg
https://classconnection.s3.amazonaws.com/643/flashcards/2050643/jpg/merode_altarpiece-141A50904A04585CE77-thumb400.jpg
http://www.artesmagazine.com/wp-content/uploads/2010/03/ME0000104376_3.jpg
https://static01.nyt.com/images/2013/10/23/learning/cimabue1LN/cimabue1LN-articleInline.jpg
http://www.medievalists.net/wp-content/uploads/2013/11/ognissanti-giotto.jpg
https://c8.alamy.com/comp/FWPMXG/giovanni-francesco-da-rimini-1420-1470-italian-early-renaissance-painter-FWPMXG.jpg
http://2.bp.blogspot.com/-RHROp1ej3KE/Tx8Eytik2tI/AAAAAAAAADM/BYVqwMUs4Bw/s1600/Fra-Filippo-Lippi-Portrait-of-a-Man-and-Woman-at-a-Casement-ca-1440-painting-artwork-print.jpg
http://media.pn.am/media/issue/202/729/photo/202729.jpg
https://upload.wikimedia.org/wikipedia/commons/thumb/3/3e/Eyck.hubert.lamb.750pix.jpg/444px-Eyck.hubert.lamb.750pix.jpg
https://render.fineartamerica.com/images/rendered/medium/print/images/artworkimages/medium/2/the-four-seasons-autumn-pieter-brueghel-the-younger.jpg
https://si.wsj.net/public/resources/images/B3-CM484_MANTEG_M_20181128113419.jpg
https://blog.dorotheum.com/wp-content/uploads/2017/03/Early-Renaissance-Florence.jpg
https://www.toperfect.com/pic/Oil%20Painting%20Masterpieces%20on%20Canvas/Uccello%20Paolo_1397-1475/6-Crucifixion-early-Renaissance-Paolo-Uccello.jpg
https://www.snduk.org/_webedit/cached-images/2738-0-0-1018-10000-5997-640.jpg
http://www.visual-arts-cork.com/images-renaissance/early-ghirlandaio.jpg
https://cdn.kastatic.org/ka-perseus-images/9c17997924362c42dccf944400bfe9bb1a8d5e62.jpg
https://images-na.ssl-images-amazon.com/images/I/51GKY53AhaL._SX374_BO1,204,203,200_.jpg
http://www.essential-humanities.net/img/art/masaccio-crucifixion-pisa-altarpiece.jpg
https://www.abbeville.com/uploads/abbeville/books/244/edition/292/italian-frescoes-the-early-renaissance.jpeg?1476910136
https://www.metmuseum.org/-/media/images/art/metpublication/cover/1983/early_renaissance_narrative_painting_in_italy_the_metropolitan_museum_of_art_bulletin_v_41_no_2_fall_1983.jpg
https://i.ytimg.com/vi/j4TuHzQuVZ8/maxresdefault.jpg
https://www.getty.edu/art/exhibitions/florence/images/330355ex1_600w_d.jpg
https://2.bp.blogspot.com/-K2GUphqy-EA/Va_DExza0tI/AAAAAAAErYg/5iY10CgrJJk/s1600/Sandro%2BBotticelli%2BTutt%2527Art%2540%2B%252811%2529.jpg
http://www.italian-art.ru/canvas/15-16_century/13_foto_1.jpg
http://www.brepols.net/web_img_ss/rcuxx42c.jpg
https://www.oilpaintingfactory.com/pic/Oil%20Painting%20Masterpieces%20on%20Canvas/Uccello%20Paolo_1397-1475/0-Stoning-Of-St-Stephen-early-Renaissance-Paolo-Uccello.jpg
https://www.robinurton.com/history/Renaissance/GiottoCleanseTemple.jpg
http://www.artyfactory.com/art_appreciation/art-history-slideshows/western_art_slideshows/p7ssm_img_2/fullsize/filippo_lippi_2.jpg
https://www.lifeinitaly.com/wp-content/uploads/2018/08/Ghiberti-porta.jpg
https://3.bp.blogspot.com/-iTpIup0GIpI/Wf0FsE3gkhI/AAAAAAAF9Sg/-JpEDk_G0wsRJ2iMO2JwDmb75VXMmtyAACLcBGAs/s1600/Cima%2Bda%2BConegliano%2BBaptism%2Bof%2BChrist.jpg
https://www.researchgate.net/profile/Barry_Blundell/publication/258511258/figure/fig39/AS:669444640632838@1536619448667/An-example-of-an-early-Renaissance-painting-The-Flagellation-of-Christ-circa.png
http://itatti.harvard.edu/sites/default/files/styles/os_files_xxlarge/public/itatti/files/chris_wood.jpg?m=1538127517&itok=YpUoVmAz
https://i.ytimg.com/vi/_kK8W8yqd8I/maxresdefault.jpg
http://www.psupress.org/images/covers/294wide/978-0-271-03408-9md_294.jpg
https://grandearte.net/sites/default/files/images/history-of-painting/image_079.jpg
https://i.pinimg.com/236x/f1/47/55/f14755a692bfe9a4c8329011efd0821b--the-father-guardian-angels.jpg
http://cdn.shopify.com/s/files/1/2654/4574/products/int_600x.jpg?v=1544821795
https://i1.wp.com/artlistr.com/wp-content/uploads/2017/08/Sandro-Botticelli-The-Adoration-of-the-Magi-1475--1024x819.jpg?resize=474%2C379
https://i1.wp.com/www.hisour.com/wp-content/uploads/2017/02/Early-renaissance.jpg?fit=474%2C774&ssl=1
http://www.visual-arts-cork.com/images-renaissance/early-ghiberti.jpg
https://ncartmuseum.org/images/uploads/events/wide/Triumph_of_ChastityWide.jpg
https://4.bp.blogspot.com/-5IewKgYCf9I/WsXJtsb3MbI/AAAAAAACZ0Y/Z-DSOanY4vQ0EhyWHNPo7VgMYJIyZaQKwCLcBGAs/s1600/Jaume-Huguet-early%2Brenaissance%2Bpainter-www.fineartandyou.com-4.jpg
https://upload.wikimedia.org/wikipedia/commons/thumb/f/fa/Giorgione%2C_The_tempest.jpg/310px-Giorgione%2C_The_tempest.jpg
http://upload.wikimedia.org/wikipedia/commons/b/b3/Rogier_van_der_Weyden_005.jpg
http://2.bp.blogspot.com/_b9UhfhYcYcs/TRv-LmQbz3I/AAAAAAAAAUw/baYaruTOKk4/s1600/Cimabue_Madonna+Enthroned.jpg
http://useumstorage.blob.core.windows.net/drupal-public/content-images/Written-Content/Curated-exhibitions/Renaissance/the-holy-family-with-the-infant-saint-john-the-baptist-recto-amorous-putti-at-play-head-of-a-bird-verso-michelangelo-1530-693a9331.jpg
https://i0.wp.com/archaeologyinbulgaria.com/wp-content/uploads/2015/04/crucifixion-of-jesus-christ-boyana-church.jpg?resize=599%2C310
http://mikerosstravel.com/wp-content/uploads/2011/03/img02719.jpg
https://2.bp.blogspot.com/-FYwOpUAKey8/UBVYtJO9AUI/AAAAAAAA_nA/PvnXh2jHApg/s1600/v+Benozzo+Gozzoli+(Italian+early+Renaissance+painter,++c+1421%E2%80%931497)+Madonna+and+Child+between+Saints+Andre+and+Prosper.jpg
https://mandysart.co.za/wp-content/uploads/2019/07/Creaci%C3%B3n_de_Ad%C3%A1m.jpg
https://c8.alamy.com/comp/FWT1N1/lorenzo-monaco-1370-1425-italian-painter-of-late-gothic-early-renaissance-FWT1N1.jpg
http://www.essential-humanities.net/img/art/paint4_2_17.jpg
https://wirtizzejtun.files.wordpress.com/2011/06/madonna-child.jpg
https://www.oakknoll.com/pictures/medium/056830.jpg
http://museum.middlebury.edu/media/view/543/original/lippo_madonna_collec_llc.jpg
https://m.media-amazon.com/images/M/MV5BMTQ2MjE2NTExN15BMl5BanBnXkFtZTgwOTQ2NTI0MjE@._V1_UY1200_CR485,0,630,1200_AL_.jpg
https://images-na.ssl-images-amazon.com/images/I/516MvT91xpL._SX347_BO1,204,203,200_.jpg
http://www.armenianrugssociety.org/uploads/1/2/4/3/12436274/published/blog2_5.png?1521310114
https://classconnection.s3.amazonaws.com/714/flashcards/411714/jpg/perugino1317054020035-thumb400.jpg
https://images.gr-assets.com/books/1394261994l/21186688.jpg
http://3.bp.blogspot.com/-xCxGUiWou50/T9F59ogX9pI/AAAAAAAAeJ0/zq8rOn7cskA/s1600/JACOPO+del+SELLAIO-The+Banquet+of+Ahasuerus-1490-Tempera+on+panel-81+x+44+cm-Galleria+degli+Uffizi%252C+Florence.jpg
https://cdn.kastatic.org/ka-perseus-images/02e0c24671bfc4ec669b3e9840ca0851982e0a83.jpg
https://www.toperfect.com/pic/Oil%20Painting%20Masterpieces%20on%20Canvas/Uccello%20Paolo_1397-1475/9-Marys-Presentation-In-The-Temple-early-Renaissance-Paolo-Uccello.jpg
https://i.redd.it/s1mid8hxnyf11.jpg
https://i2.wp.com/artlistr.com/wp-content/uploads/2017/08/Masaccio-Holy-Trinity-1425-709x1024.jpg?resize=474%2C685
https://media.gettyimages.com/photos/sandro-botticelli-italian-painter-early-renaissance-the-annunciation-picture-id601101290
https://smithsonianassociates.org/ticketing/images/web-core-2018/florence-and-siena.jpg
https://theeyeoffaith.files.wordpress.com/2013/03/revealing-the-renaissance-stories-and-secrets-in-florentine-art-12.jpg
https://torontoist.com/wp-content/uploads/2013/03/20130312-AGO-Revealing-the-Early-Renaissance-in-Florentine-Art-032-Photo_by_Corbin_Smith.jpg
https://www.cityzeum.com/images/lieu/poi_etrangers/2182.jpg
https://askthevaledictorian.files.wordpress.com/2016/03/800px-last-judgment-scrovegni-chapel-giotto-1306.jpg?w=640
https://www.nationalgallery.co.uk/static/images/products/large/1018198.jpg
https://www.rarebookcellar.com/pictures/medium/114937.jpg
https://i.ytimg.com/vi/NRrarmDOeYo/maxresdefault.jpg
http://azothgallery.com/artcritiques/13-27-GFabiano-Adoration-Magi-900w.jpg
https://pureandlowly.files.wordpress.com/2012/04/flight-into-egypt-juxta-i.jpg
https://www.oilpaintingfactory.com/pic/Oil%20Painting%20Masterpieces%20on%20Canvas/Uccello%20Paolo_1397-1475/0-Birth-Of-The-Virgin-early-Renaissance-Paolo-Uccello.jpg
https://3.bp.blogspot.com/-tLsdk12pl4Q/Wf0Fs4kIW5I/AAAAAAAF9So/s7bua_AZ9GsbwmvJOpaLEPeyN2IelU-2gCLcBGAs/s1600/Cima%2Bda%2BConegliano%2BMadonna%2Band%2BChild%2Bin%2Ba%2BLandscape%2B%25281%2529.jpg
https://media.nga.gov/iiif/public/objects/1/8/18-primary-0-nativeres.ptif/full/!740,560/0/default.jpg
http://www.kenney-mencher.com/pic_old/gothic_to_early_renaissance/giotto_san_francesco_FRancis_gives_his_cloak_1297_1299.jpg
https://t2.thpservices.com/previewimage/gallil/2d28d476e7a0e30e98bad9825859c955/iam-wha-083-0638.jpg
https://images2.bonhams.com/image?src=Images/live/2006-09/06/7300893-100-3.jpg&width=960
http://www.visual-arts-cork.com/images-art/mantegna-duke.JPG
https://imgix.ranker.com/node_img/434/8670831/original/agony-in-the-garden-artwork-photo-1?w=650&q=50&fm=pjpg&fit=crop&crop=faces
https://eclecticlightdotcom.files.wordpress.com/2018/11/bruegheltriumphofdeath.jpg?w=1024
https://bestarts.org/ba/wp-content/uploads/2015/03/Early-Renaissance.jpg
http://classconnection.s3.amazonaws.com/455/flashcards/1110455/png/picture81329970866769.png
https://www.italian-renaissance-art.com/images/RobbiaAssVirgin.jpg
https://i1.wp.com/paintingnature.club/wp-content/uploads/images/materials-techniques-of-renaissance-art-video-lesson-early-renaissance-painting-canvas.jpg?w=960&ssl=1
http://meetingbenches.com/wp-content/flagallery/sandro-botticelli-14451510-italian-renaissance-painter-the-linear-grace-of-early-renaissance-painting/webview/untitled-3.jpg
http://2.bp.blogspot.com/-I97dNF833Pg/TyCuPK9RVKI/AAAAAAAAADo/kqUYKY9pgJI/s1600/Virgin_of_the_Rocks.jpg
https://c8.alamy.com/comp/P08M39/italian-painting-early-renaissance-true-cross-detail-1380-272-agnolo-gaddi-true-cross-detail-1380-P08M39.jpg
https://www.artranked.com/images/df/dfcab96bce8d8e5ec8f4a8d37d650b94.jpg
http://torch-test.nsms.ox.ac.uk/sites/torch/files/images/OMSblog4.jpg
https://images.complex.com/complex/image/upload/c_limit,dpr_auto,q_90,w_720/fl_lossy,pg_1/lu3d05zkndpkkvogx1yg.jpg
https://pbs.twimg.com/media/DohAqfEWwAALpq8.jpg
https://edu.glogster.com/proxy?url=http%3A%2F%2Fupload.wikimedia.org%2Fwikipedia%2Fcommons%2Fd%2Fd4%2FSandro_Botticelli_083.jpg
https://66.media.tumblr.com/f79d33246502551d7ff174bd7704456b/tumblr_orwj1on01h1ru2l6mo1_500.jpg
https://i.pinimg.com/originals/d6/66/a1/d666a1f50de560001eb583830c501857.jpg
https://image.slidesharecdn.com/babes-141002035416-phpapp02/95/early-renaissance-in-italy-11-638.jpg?cb=1415082634
https://images2.bonhams.com/image?src=Images/live/2006-09/06/7300893-100-1.jpg&width=960
https://www.picclickimg.com/d/l400/pict/254104471252_/Painting-And-Illumination-In-Early-Renaissance-Florence.jpg
https://www.beautifullife.info/wp-content/uploads/2018/10/12/general.jpg
http://www.artyfactory.com/art_appreciation/art-history-slideshows/western_art_slideshows/p7ssm_img_2/fullsize/giotto_2.jpg
https://ebth-com-production.imgix.net/2017/11/29/09/01/30/703d7960-f217-4637-9b9c-43458d7aab94/DSCN6442.jpg?ixlib=rb-1.1.0&w=880&h=880&fit=crop&crop=&auto=format
https://t1.thpservices.com/previewimage/gallil/8445ebc78b00012c5c22b965ee97621d/iam-wha-077-0834.jpg
https://render.fineartamerica.com/images/rendered/medium/print/images/artworkimages/medium/1/1-the-painter-jan-van-eyck-albert-de-vriendt.jpg
http://www.likepainting.com/images/painting/Noli-Me-Tangere-Early-Renaissance-Oil-Painting-LP01357.jpg
https://www.writework.com/uploads/15/152501/c-1495.jpg
https://images.slideplayer.com/8/2493882/slides/slide_2.jpg
http://snagfilms-a.akamaihd.net/a8/9b/3243fe6f43d9aaed82c4fd4bd895/7100-lec11-1536x865.jpg
https://norcohumanities.files.wordpress.com/2012/05/cropped-simone-martini-annunciation-1333-c-e.jpg?w=640
https://www.toperfect.com/pic/Oil%20Painting%20Masterpieces%20on%20Canvas/Uccello%20Paolo_1397-1475/5-Creation-Of-The-Animals-And-Creation-Of-Adam-early-Renaissance-Paolo-Uccello.jpg
https://upload.wikimedia.org/wikipedia/commons/thumb/9/91/Birth_of_St_Mary_in_Santa_Maria_Novella_in_Firenze_by_Domenico_Ghirlandaio.jpg/330px-Birth_of_St_Mary_in_Santa_Maria_Novella_in_Firenze_by_Domenico_Ghirlandaio.jpg
https://i1.wp.com/art.newcity.com/wp-content/uploads/2011/03/Hey_Madeleine-of-Burgundy-Presented-by-SMM.jpg
https://www.directknowledge.com/wp-content/uploads/2019/02/Early-Renaissance-Art-History-1024x653.jpeg
http://www.likepainting.com/images/painting/Tiptych-Of-Temptation-Of-St-Anthony-outer-Wings-Early-Renaissance-Oil-Painting-LP01312.jpg
https://media.gettyimages.com/photos/painting-titled-the-institution-of-the-eucharist-by-ercole-de-roberti-picture-id601070822?s=612x612
https://www.metmuseum.org/-/media/images/art/metpublication/cover/1988/painting_in_renaissance_siena_1420_1500.jpg
https://o.quizlet.com/HFm5mS1NlzI5Dgr-ahRmqg.jpg
http://www.ruf.rice.edu/~fellows/hart206/images/donatello_herod.jpg
https://previews.123rf.com/images/jorisvo/jorisvo1809/jorisvo180900026/111725891-st-peter-preaching-by-masolino-famous-early-renaissance-fresco-in-the-brancacci-chapel-of-florence-i.jpg
https://img-cache.oppcdn.com/fixed/47417/assets/aXqvHvkGORHDIAqQ.jpg
https://i.ytimg.com/vi/SFAyJrtaxD8/maxresdefault.jpg
http://azothgallery.com/artcritiques/14-47-Giorgione-Castelfranco-Tempest-900w.jpg
https://i.ebayimg.com/images/g/eRwAAOSwrMhcxJ6h/s-l640.jpg
https://ka-perseus-images.s3.amazonaws.com/2bf68a41eaecac45d3a31838d3daa261f8b7a675.jpg
https://i.etsystatic.com/12314117/r/il/28e004/1612691414/il_794xN.1612691414_b21g.jpg
https://i0.wp.com/www.artbible.info/images/campin_merode_grt.jpg
https://eshrk-blog-static3.netdna-ssl.com/blog/wp-content/uploads/2018/09/Renaissance-Essay.jpg
https://www.thoughtco.com/thmb/Z26EMua6bEccdhZ9yhAReSRK6p0=/1500x1152/filters:no_upscale():max_bytes(150000):strip_icc()/aif_1340_75_02-56a039fe5f9b58eba4af6cbc.jpg
https://www.researchgate.net/profile/Zuleika_Murat/publication/287487935/figure/fig3/AS:308744404652038@1450621810708/A-M-ANTEGNA-N-P-IZOLO-Seraphs-and-Cherubs-detail-Padua-Eremitani-Church-Ovetari_Q320.jpg
https://image.shutterstock.com/image-photo/padua-veneto-italy-3-july-600w-1149487400.jpg
https://cdn.kastatic.org/ka-perseus-images/808b2a94643414d638b59e644424ce11fcc35cd0.jpg
http://academyducret.org/wp-content/uploads/2017/05/works-1.jpg
https://www.oilpaintingfactory.com/pic/Oil%20Painting%20Masterpieces%20on%20Canvas/Uccello%20Paolo_1397-1475/6-Noahs-Sacrifice-And-Noahs-Drunkenness-early-Renaissance-Paolo-Uccello.jpg
https://aleteiaen.files.wordpress.com/2019/02/web3-annuncation-angel-saint-prayer-art-painting-pd.jpg?quality=100&strip=all
https://pictures.abebooks.com/HOUSTONANDTABU/17271968594.jpg
https://c8.alamy.com/comp/M6BCEC/early-renaissance-frescoes-by-vitale-da-bologna-1309-1369-of-christ-M6BCEC.jpg
https://render.fineartamerica.com/images/rendered/medium/print/images/artworkimages/medium/1/the-adoration-of-the-magi-sandro-botticelli-.jpg
https://rs.1000museums.com/filestore/5/7/4/3_3646a97e89bf27c/5743cm1_5fd83ecbf90c484.jpg
https://eclecticlightdotcom.files.wordpress.com/2018/11/bocklinplague.jpg?w=1024
https://i0.wp.com/paintingnature.club/wp-content/uploads/images/funerary-monument-to-sir-john-hawkwood-early-renaissance-paolo-early-renaissance-painting-canvas.jpg?resize=420%2C270&ssl=1
https://media.nga.gov/iiif/public/objects/9/9-primary-0-nativeres.ptif/full/!740,560/0/default.jpg
https://www.sightseeinginitaly.com/wp-content/uploads/2019/03/The-Crucifixion-Jacopo-Bellini.jpg
https://images.slideplayer.com/14/4427118/slides/slide_1.jpg
https://render.fineartamerica.com/images/rendered/medium/print/images/artworkimages/medium/1/1-madonna-and-child-and-the-young-st-john-the-baptist-sandro-botticelli.jpg
https://www.paintingz.com/media/catalog/product/cache/1/small_image/350x/17f82f742ffe127f42dca9de82fb58b1/4/2/42609.jpg
https://i.pinimg.com/236x/ab/0a/3f/ab0a3fa1f8e09e0a662fa7aa2a914f4e--renaissance-paintings-renaissance-art.jpg
https://study.com/cimages/videopreview/videopreview-full/3pw0jngy3u.jpg
https://theeyeoffaith.files.wordpress.com/2013/03/revealing-the-renaissance-stories-and-secrets-in-florentine-art-9-bonaguida-the-crucifix.jpg
http://grandearte.net/sites/default/files/images/history-of-painting/image_083.jpg
https://www.toperfect.com/pic/Oil%20Painting%20Masterpieces%20on%20Canvas/Uccello%20Paolo_1397-1475/5-Flood-And-Waters-Subsiding-early-Renaissance-Paolo-Uccello.jpg
http://hyperallergic.com/wp-content/uploads/2016/03/Gaddi_reconstructed_triptych.jpg
http://www.whataboutart.org/storage/401%20VENEZIANO.jpg
https://s3-us-west-2.amazonaws.com/courses-images-archive-read-only/wp-content/uploads/sites/1122/2015/10/02032244/Verrocchio-sm.jpg
http://renartgbs.weebly.com/uploads/2/4/2/4/24240587/7637618_orig.jpg
https://render.fineartamerica.com/images/rendered/default/print/8.000/5.875/break/images/artworkimages/medium/1/2-the-crucifixion-luca-signorelli.jpg
https://splits.s3.amazonaws.com/65161a78cd19280dee4eca76d559b894337df8c5/splits/v9/split-0-page-1-html-bg.jpg?X-Amz-Content-Sha256=UNSIGNED-PAYLOAD&X-Amz-Algorithm=AWS4-HMAC-SHA256&X-Amz-Credential=AKIAIAYW2E6VOLDTI35A%2F20190602%2Fus-east-1%2Fs3%2Faws4_request&X-Amz-Date=20190602T023011Z&X-Amz-SignedHeaders=host&X-Amz-Expires=518400&X-Amz-Signature=dc056a1cb7c81029e45bff27621d96dbcbb35fff39c19429010f8dd26ff4e0fe
https://1.bp.blogspot.com/-z92cQlFKzFs/Wrwg6spXapI/AAAAAAAGGR0/cqKCoI50pw8_GDmiCzwvTwE2JSJCEzyUwCLcBGAs/s1600/Jaume-Huguet-prophet-fragment.jpg
https://d13egrxi1n6w2z.cloudfront.net/52969_1797831w300.jpg
http://cdn.simplesite.com/i/1b/27/283445307500078875/i283445314559381536.jpg
https://gb.fotolibra.com/images/larger-thumbnails/1345799.jpeg
http://www.likepainting.com/images/painting/Presentation-Of-Jesus-In-The-Temple-Early-Renaissance-Oil-Painting-LP01406.jpg
https://www.kanopy.com/sites/default/files/imagecache/vp_thumbnail_medium/video-assets/1525766_landscape.jpg
https://legionofhonor.famsf.org/sites/default/files/styles/microslide_400/public/early54.3.jpg?itok=XdDmkK_k
https://www.theartstory.org/images20/photo/photo_high_renaissance_1.jpg
http://64.130.23.120/images-renaissance/mantegna-lamentation.jpeg
https://editorial01.shutterstock.com/wm-preview-450/6683776d/9401f1d1/italy-recovered-paintings-milan-italy-shutterstock-editorial-6683776d.jpg
https://image.slidesharecdn.com/c20-150102123517-conversion-gate01/95/02-early-renaissance-in-northern-europe-22-638.jpg?cb=1420202618
http://www.artyfactory.com/sitebody/sitebody_img/buttons/art_appreciation/art-history-slideshow/early-renaissance-slide-show.jpg
https://media.gettyimages.com/photos/sandro-botticelli-was-an-italian-painter-of-the-early-renaissance-the-picture-id517648195
https://cdn-thumbs.barewalls.com/birth-of-venus_bw1110710.jpg
https://matthiesengallery.com/wp-content/uploads/2016/06/483.jpg
https://classconnection.s3.amazonaws.com/995/flashcards/1962995/jpg/(italian_renaissance)__gentile_da_fabriano__the_adoration_of_the_magi_(strozzi)_altarpiece__14231353960035089-thumb400.jpg
http://www.culturekiosque.com/images20/duccio_madonna.jpg
http://www.webexhibits.org/sciartperspective/i/perspective6_large.jpg
http://www.travelingintuscany.com/images/art/domenicoveneziano/magnoli700.jpg
http://www.historyofpainters.com/PietroPerugino.jpg
http://azothgallery.com/artcritiques/art-history-images/13-10-Ghiberti-gate-Solomon-Sheba.jpg
https://static.wixstatic.com/media/56c3a3_d3fbf516df41404bb04b510d018a7d68.jpg/v1/fill/w_293,h_229,al_c,q_80,usm_0.66_1.00_0.01/56c3a3_d3fbf516df41404bb04b510d018a7d68.webp
https://torontoist.com/wp-content/uploads/2013/03/20130312-AGO-Revealing-the-Early-Renaissance-in-Florentine-Art-064-Photo_by_Corbin_Smith.jpg
http://blog.courtauld.ac.uk/researchforum/files/2013/05/Nuttall-504x539.jpg
https://www.riverrunbooks.com/pictures/400160.jpg?v=1468887308
https://www.designboom.com/wp-content/uploads/2018/10/moncler-genius-project-pierpaolo-piccioli-designboom-3.jpg
http://dianecardaci.typepad.com/.a/6a00e553f46582883401b7c7fde51d970b-pi
https://static01.nyt.com/images/2013/10/23/learning/GiottoMadonnaLN/GiottoMadonnaLN-articleInline.jpg
https://cdn.kastatic.org/googleusercontent/zM8vTsJiA4Q9u6_SqGW80UIgTyJ7Ibc-ZAexglpYNS2AKAos4eFa_qIONa2F9v7Sab6NkHcsPeUMf7zZWlNNyhE8
https://blog.flametreepublishing.com/hs-fs/hubfs/Masolino_-_Baptism_of_Christ.jpg?width=320&name=Masolino_-_Baptism_of_Christ.jpg
https://i1.wp.com/painterlegend.com/wp-content/uploads/images/1000-images-about-flemish-landscape-on-pinterest-early-renaissance-landscape-paintings.jpg?fit=800%2C500&ssl=1
https://www.catscradlebks.net/pictures/3370056.jpg?v=1505081684
http://www.arttrav.com/wp-content/uploads/2008/12/davanzati_bedroom-1024x768.jpg
https://s-media-cache-ak0.pinimg.com/736x/67/f7/f1/67f7f1f08a63e015c4c9b480178b6f64.jpg
https://artsheaven.com/wp-content/uploads/2019/05/jan-van-eyck-the-arnolfini-marriage-1-584x800.jpg
https://pureandlowly.files.wordpress.com/2012/04/mary-header-text.jpg
https://pbs.twimg.com/media/Cqn0SMWVUAAajNy.jpg
https://www.segmation.com/wp-content/uploads/mas001-784x392.jpg
https://www.visittuscany.com/shared/visittuscany/immagini/elementi/b13fee37fd8d965ed8c46782d281dedd.jpg?__scale=w:780,h:608,t:2,q:75
http://archive.org/services/img/italianpanelpain00losa_
https://www.oilpaintingfactory.com/pic/Oil%20Painting%20Masterpieces%20on%20Canvas/Uccello%20Paolo_1397-1475/5-Sts-Paul-Francis-And-Jerome-early-Renaissance-Paolo-Uccello.jpg
https://www.myartprints.co.uk/kunst/ferraresisch/ferraresisch_preview-2.jpg
https://images-na.ssl-images-amazon.com/images/I/61XzikcDYhL._SX352_BO1,204,203,200_.jpg
http://www.travelingintuscany.com/images/art/botticelli/birthvenus4700.jpg
https://images.fineartamerica.com/images-medium-large/the-tempest-giorgione.jpg
https://c8.alamy.com/comp/D8EG5T/fra-filippo-lippi-1406-1469-italian-painter-early-renaissance-the-D8EG5T.jpg
http://www.italianinsider.it/sites/default/files/MadonnaFig.%201.JPG
https://i.ytimg.com/vi/bhrKpTyjPHE/hqdefault.jpg
https://www.toperfect.com/pic/Oil%20Painting%20Masterpieces%20on%20Canvas/Uccello%20Paolo_1397-1475/8-Miracle-Of-The-Desecrated-Host-Scene-4-early-Renaissance-Paolo-Uccello.jpg
https://images.tuscany-villas.it/ccontent_page/8256561492788980xx/large/masaccio_chapelle_brancacci.png
https://www.paintingz.com/media/catalog/product/cache/1/small_image/350x/17f82f742ffe127f42dca9de82fb58b1/4/2/42589.jpg
https://upload.wikimedia.org/wikipedia/commons/thumb/5/5b/Leonardo_da_Vinci_002.jpg/390px-Leonardo_da_Vinci_002.jpg
https://farm8.staticflickr.com/7101/7349107688_9660858246.jpg
http://paylessart.com/images/Pinturicchio/The-Crucifixion-with-Sts.-Jerome-and-Christopher_Pinturicchio_Early-Renaissance_religious-painting.jpg
https://2.bp.blogspot.com/-ImNDgt2G7WU/Wrwg2bodeKI/AAAAAAAGGRc/S8RvT2gFnkw7PtKGGdfbCeRYSdVvlzpXACLcBGAs/s1600/Jaume-Huguet-apparition-of-saint-michael-at-the-castle-of-santangelo.jpg
https://i0.wp.com/diatropebooks.com/wp-content/uploads/2016/08/23525_2.jpg?ssl=1
http://1pvx212tsjxq5z6yc4a59yw8-wpengine.netdna-ssl.com/wp-content/uploads/2018/08/Puett_Puett_Partners-in-Healing_jp-542x1024.jpg
https://images2.bonhams.com/image?src=Images/live/2006-09/06/7300893-100-2.jpg&width=960
https://riga2014.org/resources/web/images/715x345/Pazemibas_madonna_MOtto.jpg
https://totravelistolive.co/wp-content/uploads/2016/11/renaissance-self-portraiture-24.jpg
https://www.theartpostblog.com/wp-content/uploads/2019/01/img-cupola-Brunelleschi.jpg
https://www.granger.com/wmpix/woh/mis/0610230-MIDDLE-EAST--ITALY-The-Prophet-Isaiah-in-a-fresco-located-in-Basilica-di-SantAgostino-an-early-Renaissance-church-in-Rome-It-is-an-Italian-Renaissance-painting-by-Rapahel-Rafaello-1512-Full-credit-Pictures.jpg
https://3.bp.blogspot.com/-XHhPPSdtTQs/Va_DO1I9BVI/AAAAAAAErZ0/MQoHQM-OcZU/s1600/Sandro%2BBotticelli%2BTutt%2527Art%2540%2B%252820%2529.jpg
https://img.bhs4.com/bf/f/bffd252b3366d8978f377d8ade4c3e2725a3961c_large.jpg
http://totallyhistory.com/wp-content/uploads/2013/06/Fra_Angelico_Virgin_saints.jpg
https://www.italiamia.com/wp-content/uploads/2015/10/Waterhouse_decameron.png
https://upload.wikimedia.org/wikipedia/en/thumb/b/b2/Madonna_and_Child%2C_ca._1480.jpg/800px-Madonna_and_Child%2C_ca._1480.jpg
https://image.shutterstock.com/image-photo/padua-veneto-italy-3-july-260nw-1340885483.jpg
http://www.cassone-art.com/images/magazine-article/media/main/1_Hey_Nativity_with_Cardinal_Jean_Rolin.jpg
http://slideplayer.com/slide/8524596/26/images/1/EARLY+RENAISSANCE.jpg
https://www.biblhertz.it/event_images/18364-1560846533.jpeg
http://mimenta.com/Mimenta/Images/Extra%20Graphics/VA09/Renaissance_Giotto.jpg
https://www.facarospauls.com/apps/venice-art-and-culture/8286/AAA.jpg
http://3.bp.blogspot.com/-sTE2cNGReig/TyLgBaOwDGI/AAAAAAAAABs/XYlK2Y4W4pk/s1600/last-supper.jpg
https://media.npr.org/assets/img/2012/01/31/money_beauty04-26faf1c5c7a127bcb865d66d0232c3528dc18365-s800-c85.jpg
https://p1.liveauctioneers.com/2635/136296/69211360_1_x.jpg?auto=webp&format=pjpg&version=1&width=512
https://render.fineartamerica.com/images/rendered/default/greeting-card/images/artworkimages/medium/1/the-adoration-of-the-magi-gentile-da-fabriano.jpg?&targetx=-89&targety=0&imagewidth=878&imageheight=500&modelwidth=700&modelheight=500&backgroundcolor=5D5036&orientation=0
https://i2.wp.com/paintingnature.club/wp-content/uploads/images/9-best-medieval-gothic-early-renaissance-art-images-on-northern-renaissance-artist-who-developed-oil-painting-techniques.jpg?resize=420%2C270&ssl=1
https://theeyeoffaith.files.wordpress.com/2013/03/revealing-the-renaissance-stories-and-secrets-in-florentine-art-7.jpg
http://www.artesmagazine.com/wp-content/uploads/2010/03/ador-magi-met-2.jpg
https://a.1stdibscdn.com/a_5093/a_3463033/6748A1E7_50EB_4F0E_9ED7_1540475891571_master.jpeg?width=240
https://classconnection.s3.amazonaws.com/697/flashcards/4727697/jpg/gentiledafabriano-magi-143E5B7A70C2A169C98-thumb400.jpg
https://i.pinimg.com/originals/38/d9/b8/38d9b8cd89d8d651f46fc12bc168cfa5.jpg
http://www.likepainting.com/images/painting/Altarpiece-Of-The-Church-Fathers-St-Augustine-And-St-Grego-Early-Renaissance-Oil-Painting-LP01032.jpg
https://static.wixstatic.com/media/94b775_3cb6fbe66c6645a084d260674e141fea~mv2.png/v1/fill/w_630,h_419,al_c,usm_0.66_1.00_0.01/94b775_3cb6fbe66c6645a084d260674e141fea~mv2.png
https://i.etsystatic.com/13118339/c/2246/1783/0/311/il/9ee565/1613417164/il_340x270.1613417164_rin0.jpg
https://kinneretstern.files.wordpress.com/2014/12/fra_angelico_las_annunciate.jpg?w=796&h=977
https://image.slidesharecdn.com/artisuslec4-150411205445-conversion-gate01/95/art-is-us-4-late-gothic-early-renaissance-high-renaissance-mannerism-5-638.jpg?cb=1433373814
https://www.langantiques.com/university/wp-content/uploads/2017/08/Portrait_of_the_Dukes_of_Urbino_.jpg
https://www.theartstory.org/images20/works/early_renaissance_7.jpg?1
https://www.italymagazine.com/sites/default/files/styles/624x400/public/story/sanantonioabate.jpg?itok=UhiP7A7j